experiment,accuracy,precision,recall,f1_score
Subset_A_Normal,0.9996827605968194,0.0,0.0,0.0
Subset_B_Mixed,0.9412,0.9997734481196194,0.8826,0.9375398342893563
Subset_C_DDoS,0.8887265967335015,1.0,0.8887265967335015,0.9410854893138357
Subset_D_Edge,0.9297638742668071,0.9995952345615716,0.8736880586806293,0.932410408079791
